Title,Link
"en.wikipedia.org › wiki › ""Hello,_World!""_program
""Hello, World!"" program - Wikipedia","https://en.wikipedia.org/wiki/%22Hello,_World!%22_program"
"www.programiz.com › c-programming › examples
C ""Hello, World!"" Program",https://www.programiz.com/c-programming/examples/print-sentence
"thehelloworld.com
HelloWorld Coliving & Student Hostels",https://thehelloworld.com/
,"https://en.wikipedia.org/wiki/%22Hello,_World!%22_program"
,https://www.w3schools.in/hello-world-program
,https://www.programiz.com/c-programming/examples/print-sentence
,https://en.wikibooks.org/wiki/Programming_Fundamentals/Hello_World
,"https://en.wikipedia.org/wiki/%22Hello,_World!%22_program"
,"https://en.wikipedia.org/wiki/%22Hello,_World!%22_program"
"www.geeksforgeeks.org › java › java-hello-world-program
Java Hello World Program - GeeksforGeeks",https://www.geeksforgeeks.org/java/java-hello-world-program/
"www.w3schools.in › hello-world-program
Hello World! Program - W3Schools",https://www.w3schools.in/hello-world-program
"en.wikibooks.org › Hello_World
Programming Fundamentals/Hello World - Wikibooks",https://en.wikibooks.org/wiki/Programming_Fundamentals/Hello_World
"en.wikiversity.org › wiki › Hello,_world!
Hello, world! - Wikiversity","https://en.wikiversity.org/wiki/Hello,_world!"
