Mobile Name,Price,Rating
"CMF by Nothing Phone 2 Pro (Black, 128 GB)","₹18,999",4.4
"Google Pixel 9A (Iris, 256 GB)","₹49,999",4.5
"POCO C71 (Cool Blue, 128 GB)","₹6,999",4.1
"vivo T4x 5G (Marine Blue, 128 GB)","₹14,999",4.5
"Google Pixel 9A (Porcelain, 256 GB)","₹49,999",4.5
"Google Pixel 9A (Obsidian, 256 GB)","₹49,999",4.5
"POCO C71 (Desert Gold, 128 GB)","₹6,999",4.1
"Samsung Galaxy F05 (Twilight Blue, 64 GB)","₹6,249",4.2
"POCO C71 (Cool Blue, 64 GB)","₹6,399",3.9
"MOTOROLA g35 5G (Guava Red, 128 GB)","₹9,999",4.2
"POCO M6 Plus 5G (Ice Silver, 128 GB)","₹10,080",4.2
"REDMI A3X (Midnight Black, 64 GB)","₹5,999",4.1
"Motorola g45 5G (Brilliant Green, 128 GB)","₹11,999",4.3
"vivo T4 Lite 5G Charger in the Box (Prism Blue, 128 GB)","₹9,999",4.5
"REDMI A3X (Olive Green, 128 GB)","₹6,999",4.1
"MOTOROLA g05 (Forest Green, 64 GB)","₹7,299",4.2
"POCO C71 (Power Black, 64 GB)","₹6,399",3.9
"POCO C75 5G (Enchanted Green, 64 GB)","₹7,699",4.3
"REDMI A3X (Ocean Green, 64 GB)","₹5,999",4.1
"REDMI A5 (Jaisalmer Gold, 128 GB)","₹7,499",4.2
"POCO M7 5G (Mint Green, 128 GB)","₹9,299",4.1
"OPPO Reno14 5G (Forest Green, 256 GB)","₹37,999",4.4
Samsung SM 310E BLACK,"₹1,000",3.3
"Motorola g45 5G (Brilliant Blue, 128 GB)","₹11,999",4.3
"vivo T4 Lite 5G Charger in the Box (Titanium Gold, 128 GB)","₹9,999",4.5
"vivo T4 Lite 5G Charger in the Box (Titanium Gold, 128 GB)","₹10,999",4.5
"MOTOROLA Edge 60 Fusion 5G (PANTONE Slipstream, 256 GB)","₹22,999",4.5
"MOTOROLA g05 (Plum Red, 64 GB)","₹7,299",4.2
"OPPO Reno 12 5G (Matte Brown, 256 GB)","₹19,999",4.4
"POCO C75 5G (Aqua Bliss, 64 GB)","₹7,699",4.3
"OPPO K13 5G with 7000mAh and 80W SUPERVOOC Charger In-The-Box (Prism Black, 128 GB)","₹17,999",4.5
"POCO C71 (Power Black, 128 GB)","₹6,999",4.1
"REDMI A5 (Just Black, 64 GB)","₹6,499",4.2
"REDMI A5 (Pondicherry Blue, 64 GB)","₹6,499",4.2
"MOTOROLA g35 5G (Midnight Black, 128 GB)","₹9,999",4.2
"vivo T4x 5G (Pronto Purple, 128 GB)","₹14,999",4.5
"vivo T4x 5G (Marine Blue, 128 GB)","₹13,999",4.4
"Samsung Galaxy F16 5G (Bling Black, 128 GB)","₹10,749",4.2
"Samsung Galaxy A35 5G (Awesome Lilac, 128 GB)","₹19,999",4.3
"POCO M7 Pro 5G (Lavender Frost, 256 GB)","₹14,999",4.3
"Motorola Edge 50 Fusion (Marshmallow Blue, 128 GB)","₹18,999",4.5
"vivo T4x 5G (Pronto Purple, 256 GB)","₹16,999",4.5
"OPPO K13x 5G 6000mAh and 45W SUPERVOOC Charger & AI (Midnight Violet, 128 GB)","₹14,999",4.5
"Samsung Galaxy F16 5G (Vibing Blue, 128 GB)","₹13,499",4.2
"Samsung Galaxy F06 5G (Lit Violet, 128 GB)","₹8,499",4.1
"REDMI A3X (Olive Green, 64 GB)","₹5,999",4.1
"Motorola Edge 50 Fusion (Forest Blue, 256 GB)","₹20,999",4.4
"Motorola g45 5G (Viva Magenta, 128 GB)","₹10,999",4.3
"Motorola g45 5G (Pink Lavender, 128 GB)","₹10,999",4.3
"Samsung Galaxy F16 5G (Bling Black, 128 GB)","₹11,999",4.2
"OPPO K13x 5G 6000mAh and 45W SUPERVOOC Charger & AI (Sunset Peach, 128 GB)","₹12,999",4.7
"MOTOROLA g35 5G (Leaf Green, 128 GB)","₹9,999",4.2
"POCO F7 5G (Phantom Black, 256 GB)","₹31,999",4.4
"Samsung Galaxy F06 5G (Bahama Blue, 128 GB)","₹9,799",4.1
"vivo T4x 5G (Pronto Purple, 128 GB)","₹13,999",4.4
"POCO M7 5G (Ocean Blue, 128 GB)","₹9,299",4.1
"POCO M6 Plus 5G (Graphite Black, 128 GB)","₹10,080",4.2
"POCO C75 5G (Silver Stardust, 64 GB)","₹7,699",4.3
"Nokia 105 Single SIM, Keypad Mobile Phone with Wireless FM Radio","₹1,190",3.9
"vivo T4 Lite 5G Charger in the Box (Prism Blue, 256 GB)","₹12,999",4.5
"vivo T4x 5G (Marine Blue, 256 GB)","₹16,999",4.5
"REDMI A5 (Pondicherry Blue, 128 GB)","₹7,499",4.2
"realme C61 (Safari Green, 128 GB)","₹8,199",4.3
"OPPO K13 5G with 7000mAh and 80W SUPERVOOC Charger In-The-Box (Icy Purple, 256 GB)","₹19,999",4.5
"REDMI A3X (Ocean Green, 64 GB)","₹6,499",4.1
"REDMI 13 5G (Orchid Pink, 128 GB)","₹12,499",4.3
"Infinix Note 50s 5G+ (Burgundy Red, 128 GB)","₹15,999",4.4
"realme Narzo N61 (Vyage Blue, 64 GB)","₹7,300",4.3
"POCO M7 Pro 5G (Lunar Dust, 128 GB)","₹12,999",4.3
"REDMI A3X (Midnight Black, 128 GB)","₹6,999",4.1
"Motorola g45 5G (Pink Lavender, 128 GB)","₹11,999",4.3
"Motorola Edge 50 Fusion (Forest Blue, 128 GB)","₹18,999",4.5
"Infinix Note 50s 5G+ (Titanium Grey, 128 GB)","₹15,999",4.4
"POCO F7 5G (Cyber Silver Edition, 256 GB)","₹31,999",4.4
"POCO M7 Pro 5G (Lavender Frost, 128 GB)","₹12,999",4.3
"realme C61 (Marble Black, 128 GB)","₹8,199",4.3
"REDMI A5 (Just Black, 128 GB)","₹7,499",4.2
"POCO C75 5G (Aqua Bliss, 128 GB)","₹8,499",4.3
"POCO X7 5G (Yellow, 128 GB)","₹15,999",4.3
"realme P3 5G (Space Silver, 256 GB)","₹18,499",4.4
"Motorola g45 5G (Viva Magenta, 128 GB)","₹11,999",4.3
"Motorola G85 5G (Viva Magenta, 128 GB)","₹15,999",4.4
"MOTOROLA Edge 60 Fusion 5G (PANTONE Zephyr, 256 GB)","₹22,999",4.5
"Tecno Spark Go 2 (Veil White, 64 GB)","₹6,999",4.3
"Nokia 105 Single SIM, Keypad Mobile Phone with Wireless FM Radio","₹1,219",3.9
"vivo T4 Lite 5G Charger in the Box (Prism Blue, 128 GB)","₹10,999",4.5
"REDMI 13 5G (Hawaiian Blue, 128 GB)","₹11,943",4.3
"Infinix Note 50s 5G+ (Titanium Grey, 128 GB)","₹14,999",4.4
"POCO M7 Pro 5G (Olive Twilight, 128 GB)","₹12,999",4.3
"OPPO F27 Pro+ (Midnight Navy, 128 GB)","₹18,749",4.4
Samsung SM 1207,₹842,3.2
"Motorola Edge 50 Fusion (Hot Pink, 256 GB)","₹20,999",4.4
"Motorola Edge 50 Fusion (Marshmallow Blue, 256 GB)","₹20,999",4.4
"Motorola g45 5G (Brilliant Blue, 128 GB)","₹10,999",4.3
"MOTOROLA Edge 60 Fusion 5G (PANTONE Mykonos Blue, 256 GB)","₹22,999",4.5
"vivo T4 5G (Phantom Grey, 256 GB)","₹25,999",4.5
"vivo T4 5G (Emerald Blaze, 256 GB)","₹23,999",4.5
"Nokia 105 Single SIM, Keypad Mobile Phone with Wireless FM Radio","₹1,099",3.9
"Motorola Edge 50 Fusion (Hot Pink, 128 GB)","₹18,999",4.5
"IQOO Z10X 5G (Ultramarine, 128 GB)","₹13,590",4.4
"vivo T4 5G (Phantom Grey, 256 GB)","₹23,999",4.5
"Samsung Galaxy F16 5G (Bling Black, 128 GB)","₹13,499",4.2
"OPPO K13 5G with 7000mAh and 80W SUPERVOOC Charger In-The-Box (Icy Purple, 128 GB)","₹17,999",4.5
"OPPO K13x 5G 6000mAh and 45W SUPERVOOC Charger & AI (Midnight Violet, 128 GB)","₹12,999",4.7
"realme GT 6 (Fluid Silver, 256 GB)","₹27,999",4.5
"Samsung Galaxy A35 5G (Awesome Navy, 256 GB)","₹21,999",4.3
"Motorola G85 5G (Olive Green, 128 GB)","₹15,999",4.4
"Samsung Galaxy F06 5G (Bahama Blue, 128 GB)","₹8,499",4.1
"REDMI A3X (Olive Green, 64 GB)","₹6,499",4.1
"OPPO K13x 5G 6000mAh and 45W SUPERVOOC Charger & AI (Sunset Peach, 128 GB)","₹11,999",4.6
"MOTOROLA Edge 60 Fusion 5G (PANTONE Amazonite, 256 GB)","₹22,999",4.5
"realme P2 Pro 5G (Parrot Green, 128 GB)","₹16,999",4.4
Nokia 105 Classic with Charger,₹998,3.7
"vivo Y19e (Titanium Silver, 64 GB)","₹7,999",4.3
"CMF by Nothing Phone 2 Pro (Light Green, 128 GB)","₹18,999",4.4
"Motorola g45 5G (Brilliant Green, 128 GB)","₹10,999",4.3
"POCO M7 5G (Mint Green, 128 GB)","₹10,299",4.2
"OPPO F27 Pro+ (Midnight Navy, 256 GB)","₹20,749",4.4
"Motorola g64 5G (Berry Red, 256 GB)","₹15,999",4.2
hmd 105 Dual Sim,"₹1,127",4.1
"realme 14x 5G (Jewel Red, 128 GB)","₹14,999",4.4
"realme GT 6 (Razor Green, 256 GB)","₹28,999",4.5
"Samsung Galaxy M35 5G (Thunder Grey, 128 GB)","₹15,818",4.3
"realme P2 Pro 5G (Parrot Green, 256 GB)","₹18,999",4.4
itel it5330 | 2.8 inch Big Display | 1900 mAh Battery | Kingvoice,"₹1,349",4.1
"POCO X7 Pro 5G (Yellow, 256 GB)","₹22,999",4.3
"Motorola G85 5G (Olive Green, 256 GB)","₹17,999",4.4
"REDMI A3X (Ocean Green, 128 GB)","₹6,999",4.1
"Motorola G85 5G (Urban Grey, 128 GB)","₹15,999",4.4
"Samsung Galaxy F06 5G (Lit Violet, 64 GB)","₹7,999",4.1
"Samsung Galaxy M35 5G (DayBreak Blue, 128 GB)","₹16,495",4.3
"Samsung M05 (Mint Green, 64 GB)","₹6,824",4.3
"OnePlus Nord CE4 lite 5G (SUPER SILVER, 128 GB)","₹16,984",4.4
"realme P3x 5G (Midnight Blue, 128 GB)","₹12,999",4.4
"MOTOROLA Edge 60 Stylus (PANTONE Surf the Web, 256 GB)","₹22,999",4.3
"Infinix Note 50x 5G+ (Sea Breeze Green, 128 GB)","₹11,499",4.3
"realme Narzo N61 (Marble Black, 64 GB)","₹7,312",4.3
"Motorola g64 5G (Berry Red, 128 GB)","₹13,999",4.3
"MOTOROLA Edge 60 Fusion 5G (PANTONE Slipstream, 256 GB)","₹24,999",4.5
"realme P2 Pro 5G (Eagle Grey, 128 GB)","₹16,999",4.4
"OPPO K12x 5G with 45W SUPERVOOC Charger In-The-Box (Feather Pink, 128 GB)","₹12,999",4.5
"IQOO Z10X 5G (Titanium, 128 GB)","₹13,650",4.4
"Samsung Galaxy M35 5G (Moonlight Blue, 128 GB)","₹16,990",4.3
"POCO X7 5G (Glacier Green, 128 GB)","₹15,999",4.3
"realme P3 5G (Nebula Pink, 128 GB)","₹15,999",4.4
"realme P3 5G (Comet Grey, 128 GB)","₹15,999",4.4
"POCO M7 5G (Ocean Blue, 128 GB)","₹9,299",4.1
"CMF by Nothing Phone 2 Pro (White, 128 GB)","₹18,999",4.4
"OPPO Reno 12 5G (Matte Brown, 256 GB)","₹19,999",4.4
"realme Narzo N61 (Marble Black, 128 GB)","₹8,907",4.2
"Motorola Edge 50 Neo (PANTONE Poinciana, 256 GB)","₹19,999",4.4
"Infinix Note 50s 5G+ (Burgundy Red, 128 GB)","₹14,999",4.4
"realme P3 5G (Comet Grey, 128 GB)","₹16,999",4.4
"realme C61 (Safari Green, 64 GB)","₹7,699",4.4
"Nothing Phone (3a) (White, 256 GB)","₹26,999",4.5
"Nothing Phone (3a) (Black, 256 GB)","₹26,999",4.5
"Nothing Phone (3a) (White, 128 GB)","₹24,999",4.5
"Nothing Phone (3a) (Blue, 128 GB)","₹24,999",4.5
"OnePlus Nord CE4 lite 5G (ULTRA ORANGE, 128 GB)","₹16,965",4.4
LAVA A1 Josh BOL Keypad Mobile|1000 mAh Battery|Expandable Storage 32GB,"₹1,299",4
"CMF by Nothing Phone 2 Pro (Black, 128 GB)","₹18,999",4.4
"CMF by Nothing Phone 2 Pro (Light Green, 256 GB)","₹20,999",4.4
"CMF by Nothing Phone 2 Pro (Light Green, 128 GB)","₹18,999",4.4
"CMF by Nothing Phone 2 Pro (Orange, 128 GB)","₹18,999",4.4
"REDMI 13 5G (Black Diamond, 128 GB)","₹12,980",4.3
"Motorola Edge 50 Fusion (Hot Pink, 128 GB)","₹18,999",4.5
"OnePlus Nord CE4 lite 5G (SUPER SILVER, 128 GB)","₹16,984",4.4
"REDMI A4 5G only on Jio SIM (Sparkle Purple, 64 GB)","₹8,584",4.3
"MOTOROLA Edge 60 5G (PANTONE Shamrock, 256 GB)","₹25,999",4.4
"Infinix Note 50s 5G+ (Marine Drift, 128 GB)","₹14,999",4.4
"IQOO Z10X 5G (Titanium, 128 GB)","₹13,650",4.4
"realme Narzo N61 (Voyage Blue, 128 GB)","₹9,145",4.2
"OPPO Reno14 5G (Forest Green, 256 GB)","₹37,999",4.4
"OnePlus Nord CE4 lite 5G (ULTRA ORANGE, 256 GB)","₹21,499",4.4
"OnePlus Nord CE4 lite 5G (MEGA BLUE, 256 GB)","₹21,999",4.4
"POCO M7 Pro 5G (Olive Twilight, 128 GB)","₹12,999",4.3
"POCO F7 5G (Phantom Black, 256 GB)","₹31,999",4.4
"realme C61 (Marble Black, 64 GB)","₹7,699",4.4
"realme C61 (Marble Black, 128 GB)","₹8,199",4.3
"realme C61 (Safari Green, 128 GB)","₹8,199",4.3
"IQOO Z9s 5G (Titanium Matte, 128 GB)","₹19,987",4.4
"Nothing Phone (3a) Pro (Black, 256 GB)","₹32,999",4.5
"OPPO F27 Pro+ (Dusk Pink, 128 GB)","₹18,749",4.4
"OPPO F27 Pro+ (Dusk Pink, 256 GB)","₹20,749",4.4
"OPPO F27 Pro+ (Midnight Navy, 256 GB)","₹20,749",4.4
"OPPO F27 Pro+ (Midnight Navy, 128 GB)","₹18,749",4.4
"OPPO K12x 5G with 45W SUPERVOOC Charger In-The-Box (Feather Pink, 256 GB)","₹15,999",4.4
"POCO F7 5G (Cyber Silver Edition, 256 GB)","₹31,999",4.4
Kechaoda K115,₹990,4.1
Kechaoda A26,₹935,4
"CMF by Nothing Phone 2 Pro (White, 256 GB)","₹20,999",4.4
"CMF by Nothing Phone 2 Pro (Black, 256 GB)","₹20,999",4.4
"REDMI A3X (Ocean Green, 64 GB)","₹5,999",4.1
"Infinix Note 50x 5G+ (Sea Breeze Green, 128 GB)","₹12,999",4.3
"IQOO Z10X 5G (Ultramarine, 256 GB)","₹16,600",4.3
"Infinix Note 50s 5G+ (Marine Drift, 128 GB)","₹15,999",4.4
"realme Narzo N61 (Marble Black, 64 GB)","₹7,312",4.3
"IQOO Z10X 5G (Titanium, 128 GB)","₹15,200",4.3
"Motorola g45 5G (Pink Lavender, 128 GB)","₹11,999",4.3
"Motorola G85 5G (Olive Green, 256 GB)","₹17,999",4.4
"Motorola g45 5G (Brilliant Green, 128 GB)","₹10,999",4.3
"Apple iPhone 16 Pro (Natural Titanium, 128 GB)","₹1,09,900",4.7
"POCO C71 (Cool Blue, 64 GB)","₹6,399",3.9
"POCO X7 5G (Yellow, 128 GB)","₹15,999",4.3
"Infinix Note 50s 5G+ (Titanium Grey, 256 GB)","₹17,999",4.4
"Infinix Note 50s 5G+ (Marine Drift, 256 GB)","₹17,999",4.4
"Apple iPhone 16 Plus (Black, 128 GB)","₹79,999",4.6
Kechaoda A26,₹918,4
Kechaoda A26,₹945,4
"Motorola g64 5G (Berry Red, 128 GB)","₹13,999",4.3
"POCO M7 5G (Ocean Blue, 128 GB)","₹10,299",4.2
"Nothing Phone (3a) Pro (Grey, 256 GB)","₹30,999",4.5
"Nothing Phone (3a) Pro (Black, 256 GB)","₹30,999",4.5
"Nothing Phone (3a) Pro (Grey, 128 GB)","₹28,999",4.5
"REDMI A3X (Olive Green, 64 GB)","₹5,999",4.1
Kechaoda K115,₹994,4.1
"Samsung Galaxy A06 5G (Black, 64 GB)","₹9,020",4.2
"Apple iPhone 16 Pro (Black Titanium, 256 GB)","₹1,19,900",4.7
"REDMI A3X (Ocean Green, 128 GB)","₹6,999",4.1
"REDMI A3X (Olive Green, 128 GB)","₹6,999",4.1
"REDMI A3X (Midnight Black, 128 GB)","₹6,999",4.1
"REDMI A3X (Olive Green, 64 GB)","₹6,499",4.1
"REDMI A3X (Midnight Black, 64 GB)","₹6,499",4.1
"REDMI A3X (Ocean Green, 64 GB)","₹6,499",4.1
"Nothing Phone (3a) Pro (Black, 128 GB)","₹28,999",4.5
"Infinix Note 50x 5G+ (Sea Breeze Green, 128 GB)","₹11,499",4.3
"Infinix Note 50x 5G+ (Titanium Grey, 128 GB)","₹11,499",4.3
"Tecno Spark Go 2 (Veil White, 64 GB)","₹6,999",4.3
"Infinix Note 50x 5G+ (Enchanted Purple, 128 GB)","₹12,999",4.3
"Apple iPhone 13 (Midnight, 128 GB)","₹44,999",4.6
"Infinix Note 50x 5G+ (Enchanted Purple, 128 GB)","₹11,499",4.3
"Apple iPhone 15 (Black, 128 GB)","₹64,900",4.6
hmd 105 Dual Sim,"₹1,134",4.1
"realme GT 6 (Fluid Silver, 512 GB)","₹32,999",4.5
"realme GT 6 (Fluid Silver, 256 GB)","₹27,999",4.5
"Samsung Galaxy A35 5G (Awesome Navy, 256 GB)","₹21,999",4.3
"Apple iPhone 14 (Starlight, 128 GB)","₹52,990",4.6
"MOTOROLA Edge 60 Stylus (PANTONE Gibraltar Sea, 256 GB)","₹22,999",4.3
Kechaoda K115,₹998,4.1
"Nothing Phone (3a) Pro (Grey, 256 GB)","₹32,999",4.5
"IQOO Z10X 5G (Ultramarine, 128 GB)","₹13,590",4.4
Kechaoda K115,₹998,4.1
Kechaoda K115,₹998,4.1
Kechaoda K115,₹998,4.1
"Infinix SMART 9 HD (Neo Titanium, 64 GB)","₹6,699",4.1
"Samsung Galaxy S24 5G (Amber Yellow, 256 GB)","₹52,999",4.6
"OnePlus Nord CE4 lite 5G (MEGA BLUE, 128 GB)","₹16,969",4.4
"Apple iPhone 13 (Starlight, 128 GB)","₹44,999",4.6
Nokia 105 Classic with Charger,₹998,3.7
"Tecno Pova 6 Neo 5G (Midnight Shadow, 128 GB)","₹11,999",4.3
"Samsung Galaxy S24+ 5G (Onyx Black, 256 GB)","₹52,999",4.5
"vivo Y19e (Titanium Silver, 64 GB)","₹7,999",4.3
"REDMI A4 5G only on Jio SIM (Starry Black, 64 GB)","₹8,570",4.3
"POCO X7 5G (Glacier Green, 128 GB)","₹15,999",4.3
"REDMI 13 5G (Hawaiian Blue, 128 GB)","₹11,943",4.3
"MOTOROLA Edge 60 Pro (Pantone Dazzling Blue, 256 GB)","₹29,999",4.4
"Samsung Galaxy F06 5G (Bahama Blue, 128 GB)","₹8,499",4.1
"Samsung Galaxy F16 5G (Bling Black, 128 GB)","₹13,499",4.2
"POCO M6 Plus 5G (Ice Silver, 128 GB)","₹11,499",4.2
"Samsung Galaxy S24 Ultra 5G (Titanium Gray, 256 GB)","₹83,498",4.6
"realme Narzo 80x 5G (Deep Ocean, 128 GB)","₹12,999",4.2
"POCO C71 (Power Black, 64 GB)","₹6,399",3.9
"POCO C75 5G (Aqua Bliss, 128 GB)","₹8,499",4.3
itel Keypad Mobile | 2.4 inch Display| Type C Charging,"₹1,069",4.1
"vivo T4 Ultra 5G (Phoenix Gold, 256 GB)","₹37,999",4.6
"vivo T4 Ultra 5G (Phoenix Gold, 256 GB)","₹39,999",4.5
"vivo T4 Ultra 5G (Meteor Grey, 512 GB)","₹41,999",4.5
"vivo T4 Ultra 5G (Meteor Grey, 256 GB)","₹37,999",4.6
"vivo T4 Ultra 5G (Phoenix Gold, 512 GB)","₹41,999",4.5
"vivo T4 Ultra 5G (Meteor Grey, 256 GB)","₹39,999",4.5
"Tecno Pova 6 Neo 5G (Aurora Cloud, 256 GB)","₹13,999",4
"Motorola g45 5G (Viva Magenta, 128 GB)","₹10,999",4.3
"Apple iPhone 16e (White, 128 GB)","₹54,900",4.6
"Samsung Galaxy A06 5G (Light Gray, 64 GB)","₹9,169",4.2
"OPPO Reno14 5G (Pearl White, 256 GB)","₹37,999",4.4
"IQOO Neo 10R 5G (MoonKnight Titanium, 256 GB)","₹30,830",4.5
"Infinix Note 50x 5G+ (Titanium Grey, 128 GB)","₹12,999",4.3
"Samsung Galaxy S24 5G (Onyx Black, 256 GB)","₹52,999",4.6
"Tecno POP 9 4G (Magic Skin Green, 64 GB)","₹6,499",4.2
"Motorola G85 5G (Cobalt Blue, 256 GB)","₹17,999",4.4
"realme GT 6 (Razor Green, 512 GB)","₹32,999",4.5
"realme Narzo 80x 5G (Deep Ocean, 128 GB)","₹12,486",4.2
Kechaoda A26,₹892,4
"realme GT 6 (Razor Green, 256 GB)","₹27,999",4.5
"realme GT 6 (Razor Green, 256 GB)","₹28,999",4.5
"realme GT 6 (Fluid Silver, 256 GB)","₹27,999",4.5
Jio PRIMA2 4G,"₹3,469",3.9
"realme Narzo 80x 5G (Sunlit Gold, 128 GB)","₹12,993",4.2
"KARBONN K101i Dual SIM,Keypad Mobile,1.8''LCD,1000mAh Battery,TypeC USB,Memory Up to32GB",₹876,4
Nokia 3210 4G,"₹3,999",3.9
"MOTOROLA Edge 60 Stylus (PANTONE Surf the Web, 256 GB)","₹22,999",4.3
"REDMI A5 (Just Black, 64 GB)","₹6,499",4.2
"Samsung Galaxy S24 FE 5G (Graphite, 256 GB)","₹41,999",4.5
"Infinix GT 30 Pro 5G+ (Dark Flare, 256 GB)","₹24,999",4.5
"Infinix GT 30 Pro 5G+ (Blade White, 256 GB)","₹24,999",4.5
"Infinix GT 30 Pro 5G+ (Blade White, 256 GB)","₹26,999",4.5
"REDMI 13 5G (Orchid Pink, 128 GB)","₹12,499",4.3
"Samsung Galaxy M35 5G (Thunder Grey, 128 GB)","₹17,500",4.4
"IQOO Z10X 5G (Titanium, 256 GB)","₹16,950",4.3
"Apple iPhone 16 Pro (Black Titanium, 128 GB)","₹1,09,900",4.7
"IQOO Z10 5G (Stellar Black / Black, 128 GB)","₹21,939",4.5
hmd 105 Dual Sim,"₹1,119",4.1
hmd 105 Dual Sim,"₹1,127",4.1
"realme Narzo 80x 5G (Sunlit Gold, 128 GB)","₹12,245",4.2
"vivo T3 5G (Cosmic Blue, 256 GB)","₹18,499",4.4
"Samsung Galaxy M35 5G (Thunder Grey, 256 GB)","₹18,980",4.3
"POCO M7 Pro 5G (Lavender Frost, 128 GB)","₹12,999",4.3
Kechaoda K115,₹998,4.1
"realme 14 Pro 5G (Pearl White, 128 GB)","₹24,999",4.4
"POCO M7 Pro 5G (Lavender Frost, 256 GB)","₹14,999",4.3
"realme 14x 5G (Jewel Red, 128 GB)","₹14,999",4.4
"realme 14x 5G (Golden Glow, 128 GB)","₹15,999",4.4
"realme 14x 5G (Jewel Red, 128 GB)","₹14,999",4.4
"POCO M7 Pro 5G (Lavender Frost, 256 GB)","₹14,999",4.3
"realme 14 Pro 5G (Pearl White, 128 GB)","₹24,999",4.4
"Tecno Spark Go 2 (Titanium Grey, 64 GB)","₹6,999",4.3
"Tecno Spark Go 2 (Turquoise Green, 64 GB)","₹6,999",4.3
"Samsung Galaxy F16 5G (Bling Black, 128 GB)","₹10,749",4.2
"OnePlus Nord CE4 lite 5G (MEGA BLUE, 128 GB)","₹16,969",4.4
"IQOO Z10 5G (Stellar Black / Black, 256 GB)","₹23,275",4.5
"Apple iPhone 16 Plus (Pink, 128 GB)","₹79,999",4.6
"realme P2 Pro 5G (Parrot Green, 256 GB)","₹18,999",4.4
"vivo T3 5G (Crystal Flake, 128 GB)","₹16,999",4.4
"realme P2 Pro 5G (Parrot Green, 128 GB)","₹16,999",4.4
"vivo T3 5G (Cosmic Blue, 128 GB)","₹16,999",4.4
"vivo T3 5G (Crystal Flake, 256 GB)","₹18,499",4.4
"Samsung Galaxy S24 FE 5G (Blue, 256 GB)","₹41,999",4.5
"Samsung Galaxy S24 FE 5G (Mint, 256 GB)","₹41,999",4.5
Kechaoda K115,₹978,4.1
"OnePlus 13R 5G (Astral Trail, 512 GB)","₹42,917",4.5
"OnePlus 13R 5G (Nebula Noir, 512 GB)","₹43,299",4.5
"Google Pixel 8a (Porcelain, 128 GB)","₹37,999",4.3
"Samsung Galaxy M35 5G (DayBreak Blue, 256 GB)","₹20,999",4.3
"realme P3 Ultra 5G (Orion Red, 256 GB)","₹24,999",4.4
"realme P3 Ultra 5G (Neptune Blue, 128 GB)","₹22,999",4.4
Kechaoda A26,₹929,4
"Samsung Galaxy F06 5G (Lit Violet, 64 GB)","₹7,999",4.1
"CMF by Nothing Phone 1 (Black, 128 GB)","₹17,999",4.4
"CMF by Nothing Phone 1 (Orange, 128 GB)","₹15,999",4.4
"CMF by Nothing Phone 1 (Blue, 128 GB)","₹15,999",4.4
"CMF by Nothing Phone 1 (Orange, 128 GB)","₹17,999",4.4
"CMF by Nothing Phone 1 (Light Green, 128 GB)","₹15,999",4.4
"CMF by Nothing Phone 1 (Light Green, 128 GB)","₹17,999",4.4
"vivo T3 Pro 5G (Emerald Green, 128 GB)","₹22,999",4.5
"vivo T3 Pro 5G (Sandstone Orange, 128 GB)","₹22,999",4.5
"Apple iPhone 14 (Midnight, 128 GB)","₹52,990",4.6
"realme 14 Pro 5G (Pearl White, 256 GB)","₹26,999",4.4
"realme 14 Pro 5G (Jaipur Pink, 128 GB)","₹24,999",4.4
"Samsung Galaxy S24 FE 5G (Blue, 128 GB)","₹35,999",4.5
"REDMI A5 (Pondicherry Blue, 64 GB)","₹6,499",4.2
"POCO X6 Pro 5G (Yellow, 256 GB)","₹19,699",4.3
"Apple iPhone 16 Plus (Black, 256 GB)","₹89,999",4.6
"Samsung Galaxy F06 5G (Bahama Blue, 128 GB)","₹9,799",4.1
"IQOO Neo 10R 5G (Raging Blue, 256 GB)","₹28,397",4.5
"IQOO Z10 5G (Glacier Silver / Silver, 128 GB)","₹21,899",4.5
"MOTOROLA Edge 60 Pro (Pantone Sparkling Grape, 512 GB)","₹37,999",4.3
"vivo T3 Pro 5G (Sandstone Orange, 256 GB)","₹24,999",4.5
"Samsung Galaxy A06 5G (Light Green, 128 GB)","₹10,125",4.2
"REDMI 13 5G (Black Diamond, 128 GB)","₹19,999",4.3
"CMF by Nothing Phone 1 (Blue, 128 GB)","₹17,999",4.4
